district,year,doy,mean_sif,valid_pixel_fraction,system:index,rainfall_mm,anomaly_mm,anomaly_pct,anomaly_zscore
Latur,2015,273,0.1692299180327869,0.5545454545454546,0_00020000000000000271,629.1207621234499,-197.31025820066785,-23.874982103561983,-1.2426800836864833
Nanded,2015,273,0.233242234332425,0.3598039215686274,0_00020000000000000273,768.0611836119797,-58.36983671213807,-7.062880661140481,-0.3676191711048128
Osmanabad,2015,273,0.1348709803921568,0.3739002932551319,0_00020000000000000275,525.6730807046159,-300.7579396195018,-36.39238269414762,-1.894204107703468
Aurangabad,2015,273,0.2044994252873563,0.4773662551440329,0_00020000000000000280,629.2438276154032,-197.1871927087145,-23.860090904063565,-1.2419050046954867
Bid,2015,273,0.1646259640102828,0.524966261808367,0_00020000000000000282,601.874286810531,-224.5567335135868,-27.171866494739987,-1.414281157704566
Hingoli,2015,273,0.2158608695652173,0.4735294117647058,0_00020000000000000284,760.9651065676672,-65.4659137564505,-7.921521838661798,-0.4123109863996045
Jalna,2015,273,0.1967624060150376,0.475,0_00020000000000000285,621.8325692225307,-204.5984511015871,-24.75686972898787,-1.2885818641951612
Parbhani,2015,273,0.18947899543379,0.4802631578947368,0_00020000000000000288,686.3313454007539,-140.09967492336386,-16.95237369822084,-0.88236200867546
Latur,2016,273,0.1935963114754098,0.5545454545454546,3_00020000000000000271,964.119153469678,137.6881331455603,16.660571754864723,0.8671738731695674
Nanded,2016,273,0.2690831062670299,0.3598039215686274,3_00020000000000000273,1160.047710789,333.61669046488214,40.368364964572734,2.1011518641087266
Osmanabad,2016,273,0.1800262745098039,0.3739002932551319,3_00020000000000000275,764.8807681919683,-61.55025213214947,-7.447718033140878,-0.3876497510469771
Aurangabad,2016,273,0.294075,0.4773662551440329,3_00020000000000000280,749.2444246112534,-77.18659571286435,-9.339750543559283,-0.4861290340129531
Bid,2016,273,0.2183606683804627,0.524966261808367,3_00020000000000000282,814.3517112762129,-12.079309047904871,-1.4616233842683557,-0.0760767175280829
Hingoli,2016,273,0.2390409937888199,0.4735294117647058,3_00020000000000000284,1070.3930007160836,243.96198039196588,29.51994472524597,1.5364973771484438
Jalna,2016,273,0.2806691729323308,0.475,3_00020000000000000285,799.4018369606135,-27.029183363504217,-3.2705915797913354,-0.1702325472098694
Parbhani,2016,273,0.2571579908675799,0.4802631578947368,3_00020000000000000288,994.545994111342,168.11497378722424,20.342287456887966,1.0588052116499216
Latur,2017,273,0.2272049180327869,0.5545454545454546,4_00020000000000000271,844.3372902742191,17.90626995010132,2.166698672936873,0.1127755102194141
Nanded,2017,273,0.2614841961852861,0.3598039215686274,4_00020000000000000273,935.9841152247868,109.55309490066908,13.256169263552506,0.6899765393891513
Osmanabad,2017,273,0.1902411764705882,0.3739002932551319,4_00020000000000000275,834.9177416931119,8.486721368994154,1.0269122480017447,0.0534502347582951
Aurangabad,2017,273,0.2734419540229885,0.4773662551440329,4_00020000000000000280,724.0442621511847,-102.386758172933,-12.389026507351817,-0.6448422214588003
Bid,2017,273,0.2210077120822622,0.524966261808367,4_00020000000000000282,765.8751361375739,-60.55588418654384,-7.327397289951004,-0.3813871205424665
Hingoli,2017,273,0.2253310559006211,0.4735294117647058,4_00020000000000000284,878.5013569918029,52.07033666768518,6.300627080438454,0.3279442788117712
Jalna,2017,273,0.2481751879699248,0.475,4_00020000000000000285,771.7365412072264,-54.69447911689133,-6.6181541800597845,-0.34447139497959
Parbhani,2017,273,0.2454648401826483,0.4802631578947368,4_00020000000000000288,821.9917083789805,-4.439311945137206,-0.5371666643631253,-0.0279592383579113
Latur,2018,273,0.1728704918032787,0.5545454545454546,1_00020000000000000271,743.3211786465571,-83.10984167756067,-10.056476539925358,-0.523434239825509
Nanded,2018,273,0.2369828337874659,0.3598039215686274,1_00020000000000000273,947.550314070907,121.11929374678924,14.65570516693426,0.7628216366542588
Osmanabad,2018,273,0.1512203921568627,0.3739002932551319,1_00020000000000000275,546.8163869193684,-279.6146334047494,-33.83399540049784,-1.7610414137008272
Aurangabad,2018,273,0.180819540229885,0.4773662551440329,1_00020000000000000280,518.388451421809,-308.04256890230874,-37.27383911381952,-1.9400834441826535
Bid,2018,273,0.1426704370179948,0.524966261808367,1_00020000000000000282,512.5030250132357,-313.927995310882,-37.98598885939237,-1.977150458582373
Hingoli,2018,273,0.1881459627329192,0.4735294117647058,1_00020000000000000284,910.9600266830604,84.52900635894264,10.228198637291136,0.5323722833976332
Jalna,2018,273,0.1787312030075188,0.475,1_00020000000000000285,607.8364201747554,-218.59460014936235,-26.45043503614274,-1.3767310350927489
Parbhani,2018,273,0.2115598173515982,0.4802631578947368,1_00020000000000000288,744.1446316191648,-82.28638870495297,-9.956836890353062,-0.5182480492125946
Latur,2019,273,0.2775540983606557,0.5545454545454546,5_00020000000000000271,938.9160689035232,112.48504857940544,13.61094220970674,0.708442282002247
Nanded,2019,273,0.3267177111716621,0.3598039215686274,5_00020000000000000273,1070.5231287137683,244.09210838965052,29.53569050371804,1.5373169365191903
Osmanabad,2019,273,0.2398325490196078,0.3739002932551319,5_00020000000000000275,839.9209085269117,13.489888202793964,1.6323066137453757,0.0849606885807246
Aurangabad,2019,273,0.3253841498559077,0.47599451303155,5_00020000000000000280,902.911079063521,76.48005873940326,9.254257991115647,0.4816791922595899
Bid,2019,273,0.2521095360824742,0.5236167341430499,5_00020000000000000282,900.4415151213016,74.01049479718381,8.95543523622306,0.4661256272580921
Hingoli,2019,273,0.29315,0.4764705882352941,5_00020000000000000284,961.3912179466712,134.96019762255344,16.33048546140287,0.8499930576613648
Jalna,2019,273,0.3338827067669173,0.475,5_00020000000000000285,914.9851380792552,88.55411775513744,10.715246109760912,0.5577228445508386
Parbhani,2019,273,0.3208479452054794,0.4802631578947368,5_00020000000000000288,950.4859470696568,124.05492674553908,15.010923319031033,0.781310551999193
Latur,2020,273,0.2069413934426229,0.5545454545454546,2_00020000000000000271,1051.314686293525,224.88366596940728,27.21142605237764,1.4163402115787225
Nanded,2020,273,0.2651138964577657,0.3598039215686274,2_00020000000000000273,1149.315879809047,322.8848594849292,39.06978943727174,2.033561700566829
Osmanabad,2020,273,0.1942729411764706,0.3739002932551319,2_00020000000000000275,1001.4425604571323,175.0115401330146,21.176787394110264,1.102240488263974
Aurangabad,2020,273,0.2801965417867435,0.47599451303155,2_00020000000000000280,1106.2363557128904,279.8053353887726,33.857070766660705,1.7622424742013114
Bid,2020,273,0.2458095360824742,0.5236167341430499,2_00020000000000000282,939.7817569584192,113.35073663430148,13.71569239860412,0.7138944734610941
Hingoli,2020,273,0.2448672839506173,0.4764705882352941,2_00020000000000000284,1181.2710220729036,354.8400017487859,42.9364330503496,2.2348184381778924
Jalna,2020,273,0.2732206766917294,0.475,2_00020000000000000285,1068.672886279573,242.2418659554553,29.31180703508086,1.5256639213950214
Parbhani,2020,273,0.2562415525114155,0.4802631578947368,2_00020000000000000288,1099.293805851402,272.8627855272844,33.01700672129543,1.7185175887262865
Latur,2022,273,0.2585883064516128,0.5391304347826087,6_00020000000000000271,1175.945742686442,349.51472236232416,42.29206234601989,2.2012792867218542
Nanded,2022,273,0.2818681440443213,0.3661257606490872,6_00020000000000000273,1409.640121399609,583.2091010754912,70.56960432665784,3.673110263705271
Osmanabad,2022,273,0.2276942307692308,0.3812316715542522,6_00020000000000000275,971.4053945328776,144.97437420875983,17.54222320356542,0.9130633608056749
Aurangabad,2022,273,0.2961209302325581,0.4718792866941015,6_00020000000000000280,928.0329202462874,101.60189992216964,12.294056905357015,0.6398991043313131
Bid,2022,273,0.2577170103092783,0.5105263157894737,6_00020000000000000282,1012.3399731271292,185.9089528030114,22.49539867587495,1.1708735021387284
Hingoli,2022,273,0.2588552147239263,0.4794117647058823,6_00020000000000000284,1384.3092691931813,557.8782488690636,67.50451461154852,3.513573978938365
Jalna,2022,273,0.2883414179104478,0.4785714285714286,6_00020000000000000285,1058.5300025102067,232.09898218608896,28.08449543617834,1.4617830073144185
Parbhani,2022,273,0.2873233944954129,0.4780701754385965,6_00020000000000000288,1240.910572580189,414.4795522560712,50.15295191769504,2.6104343959657714
Latur,2023,273,0.2437401639344262,0.5545454545454546,7_00020000000000000271,891.0674408640559,64.63642053993817,7.8211513060809885,0.4070867537159466
Nanded,2023,273,0.2908852861035422,0.3598039215686274,7_00020000000000000273,1019.663125369143,193.2321050450253,23.381516459684875,1.2169954601349489
Osmanabad,2023,273,0.2261541176470588,0.3739002932551319,7_00020000000000000275,671.2410953056434,-155.18992501847436,-18.77832767671408,-0.9774019393007112
Aurangabad,2023,273,0.2792224783861672,0.47599451303155,7_00020000000000000280,694.3833280062531,-132.04769231786463,-15.978065811962974,-0.8316498028870128
Bid,2023,273,0.2269090206185567,0.5236167341430499,7_00020000000000000282,687.6787017571522,-138.75231856696553,-16.789340568623416,-0.8738762212410237
Hingoli,2023,273,0.2457759259259259,0.4764705882352941,7_00020000000000000284,940.250130186537,113.81910986241928,13.77236660571872,0.7168443357116518
Jalna,2023,273,0.2895657894736842,0.475,7_00020000000000000285,699.0860483777707,-127.34497194634709,-15.40902613945973,-0.8020315914563221
Parbhani,2023,273,0.2912680365296803,0.4802631578947368,7_00020000000000000288,830.8906124265006,4.459592102382885,0.5396206087029356,0.028086964851876
